protospacer,position,run_type,edit_pos
GcagGATGCCAGGCCAAGGT,36,forward,6
GgGATGCCAGGCCAAGGTGG,38,forward,4
GGCCAGGCCAAGGTGGAGCA,42,forward,5
GTGGAGCAAGCGGTGGAGAC,54,forward,5
GTGGAGACAGAGCCGGAGCC,66,forward,5
GGAGACAGAGCCGGAGCCCG,68,forward,5
GACAGAGCCGGAGCCCGAGC,71,forward,4
GACAGAGCCGGAGCCCGAGC,71,forward,6
GAGAGCCGGAGCCCGAGCTG,73,forward,4
GCCGGAGCCCGAGCTGCGCC,77,forward,6
GCCGAGCTGCGCCAGCAGAC,84,forward,5
GCGCCAGCAGACCGAGTGGC,92,forward,6
GCCAGCAGACCGAGTGGCAG,94,forward,4
GAGCAGACCGAGTGGCAGAG,96,forward,5
GGCAGACCGAGTGGCAGAGC,97,forward,4
GGCAGACCGAGTGGCAGAGC,97,forward,6
GACCGAGTGGCAGAGCGGCC,101,forward,6
GCGAGTGGCAGAGCGGCCAG,103,forward,4
GTGGCAGAGCGGCCAGCGCT,107,forward,6
GGGCAGAGCGGCCAGCGCTG,108,forward,5
GTGGCACTGGGTCGCTTTTG,132,forward,6
GTGGGATTACCTGCGCTGGG,149,forward,6
GGATTACCTGCGCTGGGTGC,152,forward,6
GGTGCAGACACTGTCTGAGC,167,forward,6
GTGCAGACACTGTCTGAGCA,168,forward,5
GCAGACACTGTCTGAGCAGG,170,forward,5
GACACTGTCTGAGCAGGTGC,173,forward,4
GTCTGAGCAGGTGCAGGAGG,179,forward,6
GGAGCAGGTGCAGGAGGAGC,182,forward,6
GGAGGAGCTGCTCAGCTCCC,194,forward,6
GAGGAGCTGCTCAGCTCCCA,195,forward,5
GCTCAGCTCCCAGGTCACCC,203,forward,5
GTCAGCTCCCAGGTCACCCA,204,forward,4
GTCCCAGGTCACCCAGGAAC,209,forward,6
GCCAGGTCACCCAGGAACTG,211,forward,4
GcCTCAGTTCCTGGGTGACC,195,reverse,6
GCTCAGTTCCTGGGTGACCT,194,reverse,5
GTCAGTTCCTGGGTGACCTG,193,reverse,4
GGGTGACCTGGGAGCTGAGC,183,reverse,6
GGGAGCTGAGCAGCTCCTCC,174,reverse,4
GGAGCAGCTCCTCCTGCACC,168,reverse,6
GTCAGACAGTGTCTGCACCC,146,reverse,4
GTCAGACAGTGTCTGCACCC,146,reverse,6
GAGACAGTGTCTGCACCCAG,144,reverse,4
GAGACAGTGTCTGCACCCAG,144,reverse,6
GGCGCAGGTAATCCCAAAAG,126,reverse,6
GCGACCCAGTGCCAGTTCCC,107,reverse,4
GACCCAGTGCCAGTTCCCAG,105,reverse,6
GGCCAGTTCCCAGCGCTGGC,98,reverse,5
GCCACTCGGTCTGCTGGCGC,72,reverse,4
GGCAGCTCGGGCTCCGGCTC,55,reverse,4
GTCCACCGCTTGCTCCACCT,32,reverse,5
GCCACCGCTTGCTCCACCTT,31,reverse,4
